{
  "rms":0.653021132172173, 
  "camera_matrix":[
    [
      617.191792637088, 
      0.0, 
      636.1901455799889
    ], 
    [
      0.0, 
      614.6297676059793, 
      369.1319683028415
    ], 
    [
      0.0, 
      0.0, 
      1.0
    ]
  ], 
  "dist_coefs":[
    [
      0.11195045446942865, 
      -0.11204627245672028, 
      0.0008184363443328904, 
      -0.0002558170115213008, 
      0.05516838154055932
    ]
  ], 
  "rotational_vectors":{
    "image0":[
      [
        0.23758273901168336
      ], 
      [
        0.007046216383494258
      ], 
      [
        0.051778942540080294
      ]
    ], 
    "image1":[
      [
        0.06357062262353956
      ], 
      [
        -0.14622027561697776
      ], 
      [
        0.06394635262936567
      ]
    ], 
    "image2":[
      [
        0.4199716035612618
      ], 
      [
        0.10436104281322316
      ], 
      [
        -0.2637412125114746
      ]
    ], 
    "image3":[
      [
        0.22846291886419764
      ], 
      [
        -0.14698516238204618
      ], 
      [
        0.02276357068896788
      ]
    ], 
    "image4":[
      [
        -0.014111189233375444
      ], 
      [
        -0.42814057551047385
      ], 
      [
        0.038835156705621016
      ]
    ], 
    "image5":[
      [
        0.04804221911215112
      ], 
      [
        0.05402377827543821
      ], 
      [
        0.008758400843577957
      ]
    ], 
    "image6":[
      [
        0.013802600554352276
      ], 
      [
        -0.10386494241995586
      ], 
      [
        0.17009774707948697
      ]
    ], 
    "image7":[
      [
        -0.05693982608851675
      ], 
      [
        -0.027735977516097944
      ], 
      [
        0.06644317582426043
      ]
    ], 
    "image8":[
      [
        0.19476754513161187
      ], 
      [
        0.013258029163992685
      ], 
      [
        0.6899623134796884
      ]
    ], 
    "image9":[
      [
        0.01981899148928139
      ], 
      [
        0.013021772977030036
      ], 
      [
        -0.021021861342858307
      ]
    ], 
    "image10":[
      [
        0.27842512164929584
      ], 
      [
        0.12194291962903393
      ], 
      [
        -0.2958620893578105
      ]
    ], 
    "image11":[
      [
        0.28656024348241765
      ], 
      [
        0.11825590141054287
      ], 
      [
        -0.28390943008373953
      ]
    ], 
    "image12":[
      [
        0.3329318934684676
      ], 
      [
        -0.018624070448887618
      ], 
      [
        0.5822299858626764
      ]
    ], 
    "image13":[
      [
        0.2855176122639341
      ], 
      [
        0.0006138311871081086
      ], 
      [
        0.5744266471416579
      ]
    ], 
    "image14":[
      [
        0.14212189293481722
      ], 
      [
        -0.059002291609996885
      ], 
      [
        0.06903954502182265
      ]
    ], 
    "image15":[
      [
        0.07974347742324238
      ], 
      [
        -0.07437309304411382
      ], 
      [
        -0.041380597598759984
      ]
    ], 
    "image16":[
      [
        -0.039081467537345156
      ], 
      [
        -0.1486006921013847
      ], 
      [
        -0.6788147532156907
      ]
    ], 
    "image17":[
      [
        0.07623126401258584
      ], 
      [
        0.07515086643662328
      ], 
      [
        0.14884171180927241
      ]
    ], 
    "image18":[
      [
        0.0749410500384867
      ], 
      [
        -0.23797458875936922
      ], 
      [
        -0.2588353659502219
      ]
    ], 
    "image19":[
      [
        -0.01925717182000476
      ], 
      [
        0.13365869572479774
      ], 
      [
        0.18488439815983632
      ]
    ], 
    "image20":[
      [
        -0.5542170916285452
      ], 
      [
        0.023957404412951206
      ], 
      [
        -0.007284642647575711
      ]
    ]
  }, 
  "translational_vectors":{
    "image0":[
      [
        -132.25240343446256
      ], 
      [
        -11.281774127513598
      ], 
      [
        380.0685888999101
      ]
    ], 
    "image1":[
      [
        -29.70028794161016
      ], 
      [
        -84.34340268421386
      ], 
      [
        318.1273932249812
      ]
    ], 
    "image2":[
      [
        -252.10302023320932
      ], 
      [
        -62.57695072011683
      ], 
      [
        368.45217287463254
      ]
    ], 
    "image3":[
      [
        -181.74757777165343
      ], 
      [
        -157.22830683244518
      ], 
      [
        512.7173671174559
      ]
    ], 
    "image4":[
      [
        21.804744394381206
      ], 
      [
        -67.79878036230785
      ], 
      [
        298.97828202567143
      ]
    ], 
    "image5":[
      [
        -153.13456456036909
      ], 
      [
        -23.267497297255513
      ], 
      [
        277.8059759646573
      ]
    ], 
    "image6":[
      [
        -109.28350612128499
      ], 
      [
        -26.47268318326843
      ], 
      [
        396.21094985451606
      ]
    ], 
    "image7":[
      [
        -183.40032204777256
      ], 
      [
        -59.258832890330375
      ], 
      [
        296.218087214787
      ]
    ], 
    "image8":[
      [
        -46.77298945808797
      ], 
      [
        -54.527064028188896
      ], 
      [
        305.3609575917297
      ]
    ], 
    "image9":[
      [
        -272.35363536965605
      ], 
      [
        19.674354286669008
      ], 
      [
        370.1039699769156
      ]
    ], 
    "image10":[
      [
        -164.07719045673318
      ], 
      [
        -53.60338237886923
      ], 
      [
        450.28143509117405
      ]
    ], 
    "image11":[
      [
        -98.11918505169848
      ], 
      [
        -7.139893163393974
      ], 
      [
        454.59906575835066
      ]
    ], 
    "image12":[
      [
        -13.332585522274826
      ], 
      [
        -171.82046878313258
      ], 
      [
        478.68941953920785
      ]
    ], 
    "image13":[
      [
        -237.99596300329384
      ], 
      [
        -70.18106791701153
      ], 
      [
        468.56792476836534
      ]
    ], 
    "image14":[
      [
        -275.16001079159344
      ], 
      [
        19.089649408716785
      ], 
      [
        429.42712410809423
      ]
    ], 
    "image15":[
      [
        93.68176343539396
      ], 
      [
        -35.93246226277936
      ], 
      [
        539.8354093016972
      ]
    ], 
    "image16":[
      [
        81.80625109079625
      ], 
      [
        -35.26986632248445
      ], 
      [
        465.42908023340163
      ]
    ], 
    "image17":[
      [
        -66.09175556969268
      ], 
      [
        -111.96635644177105
      ], 
      [
        423.8716494464294
      ]
    ], 
    "image18":[
      [
        -65.22679316068978
      ], 
      [
        -2.8502361019841675
      ], 
      [
        335.01184924323854
      ]
    ], 
    "image19":[
      [
        -246.40506828330356
      ], 
      [
        -94.85310827135254
      ], 
      [
        355.4652190836476
      ]
    ], 
    "image20":[
      [
        -93.59700023916137
      ], 
      [
        -4.564814141911785
      ], 
      [
        833.4962567337856
      ]
    ]
  },