{
  "rms":0.38118686404807095, 
  "camera_matrix":[
    [
      1988.143794596815, 
      0.0, 
      1898.6288562014604
    ], 
    [
      0.0, 
      1985.750502108005, 
      1101.4122979472709
    ], 
    [
      0.0, 
      0.0, 
      1.0
    ]
  ], 
  "dist_coefs":[
    [
      -0.00011393201792195177, 
      0.00034539318696323715, 
      -3.67509949607781e-05, 
      1.2581262297368257e-05, 
      -0.00041275460771849964
    ]
  ], 
  "rotational_vectors":{
    "image0":[
      [
        0.3405483583920922
      ], 
      [
        0.01711270352447438
      ], 
      [
        0.050344009435555025
      ]
    ], 
    "image1":[
      [
        0.16324771482023778
      ], 
      [
        -0.13296856409366967
      ], 
      [
        0.05664584864415424
      ]
    ], 
    "image2":[
      [
        0.5233540184840549
      ], 
      [
        0.126977336613415
      ], 
      [
        -0.2601555390663561
      ]
    ], 
    "image3":[
      [
        0.3245814409922249
      ], 
      [
        -0.1295826247007144
      ], 
      [
        0.01559149157216078
      ]
    ], 
    "image4":[
      [
        0.08476134682198583
      ], 
      [
        -0.4124684122492246
      ], 
      [
        0.01895083412776995
      ]
    ], 
    "image5":[
      [
        0.15491489041474132
      ], 
      [
        0.0610763626491546
      ], 
      [
        0.010953740551086912
      ]
    ], 
    "image6":[
      [
        0.11622802374615354
      ], 
      [
        -0.09877449951811687
      ], 
      [
        0.16437686034700644
      ]
    ], 
    "image7":[
      [
        0.05102818453941176
      ], 
      [
        -0.026627015903816463
      ], 
      [
        0.06555781278594303
      ]
    ], 
    "image8":[
      [
        0.293391051520729
      ], 
      [
        -0.008939251898397426
      ], 
      [
        0.6893261611053895
      ]
    ], 
    "image9":[
      [
        0.12747853037141796
      ], 
      [
        0.02167087531721662
      ], 
      [
        -0.019748468846120935
      ]
    ], 
    "image10":[
      [
        0.3800131516363012
      ], 
      [
        0.14684489884374394
      ], 
      [
        -0.29213089199897124
      ]
    ], 
    "image11":[
      [
        0.3845468515784543
      ], 
      [
        0.1448534528844734
      ], 
      [
        -0.28144759740812664
      ]
    ], 
    "image12":[
      [
        0.4331804641838929
      ], 
      [
        -0.03395725125039408
      ], 
      [
        0.5807592963697223
      ]
    ], 
    "image13":[
      [
        0.387857340428667
      ], 
      [
        -0.01843130623204732
      ], 
      [
        0.5742882950593108
      ]
    ], 
    "image14":[
      [
        0.24820093166146476
      ], 
      [
        -0.05373415443234294
      ], 
      [
        0.06637397380722858
      ]
    ], 
    "image15":[
      [
        0.18245392449638875
      ], 
      [
        -0.0558556400324681
      ], 
      [
        -0.04635605061404688
      ]
    ], 
    "image16":[
      [
        0.05499949716262209
      ], 
      [
        -0.09723815668634363
      ], 
      [
        -0.6852023478190492
      ]
    ], 
    "image17":[
      [
        0.17827736043877612
      ], 
      [
        0.0794304933630736
      ], 
      [
        0.1512858041953643
      ]
    ], 
    "image18":[
      [
        0.1706638516180724
      ], 
      [
        -0.20835382167767108
      ], 
      [
        -0.2708590324693098
      ]
    ], 
    "image19":[
      [
        0.08675040722429606
      ], 
      [
        0.13029504770319322
      ], 
      [
        0.1911484208555585
      ]
    ], 
    "image20":[
      [
        -0.5158094417291106
      ], 
      [
        0.017464133027086593
      ], 
      [
        0.004981449355467111
      ]
    ]
  }, 
  "translational_vectors":{
    "image0":[
      [
        -127.16393837024327
      ], 
      [
        -51.05725561395473
      ], 
      [
        365.75135684700996
      ]
    ], 
    "image1":[
      [
        -25.461545603328414
      ], 
      [
        -118.06563450155559
      ], 
      [
        297.8283513277794
      ]
    ], 
    "image2":[
      [
        -246.86339827812444
      ], 
      [
        -100.853263432904
      ], 
      [
        349.33342991394863
      ]
    ], 
    "image3":[
      [
        -175.41013463582274
      ], 
      [
        -208.64236406421796
      ], 
      [
        482.46871585802154
      ]
    ], 
    "image4":[
      [
        25.846440772768705
      ], 
      [
        -99.84627751584598
      ], 
      [
        280.0676038745699
      ]
    ], 
    "image5":[
      [
        -149.18456999644604
      ], 
      [
        -53.44214002620312
      ], 
      [
        264.0610084686444
      ]
    ], 
    "image6":[
      [
        -104.05566921242728
      ], 
      [
        -67.73626949934096
      ], 
      [
        380.313995564424
      ]
    ], 
    "image7":[
      [
        -179.28983727688893
      ], 
      [
        -91.01612074585155
      ], 
      [
        278.72316731075546
      ]
    ], 
    "image8":[
      [
        -42.61565559185567
      ], 
      [
        -87.13454562258936
      ], 
      [
        287.8111350710274
      ]
    ], 
    "image9":[
      [
        -267.15763415885056
      ], 
      [
        -19.49730390516369
      ], 
      [
        359.5678445143389
      ]
    ], 
    "image10":[
      [
        -158.26371632093512
      ], 
      [
        -99.64780905307772
      ], 
      [
        431.0524862442762
      ]
    ], 
    "image11":[
      [
        -92.25068654920993
      ], 
      [
        -53.932223100853115
      ], 
      [
        439.9882196174544
      ]
    ], 
    "image12":[
      [
        -7.394682206176785
      ], 
      [
        -219.8497575267059
      ], 
      [
        445.95049086740994
      ]
    ], 
    "image13":[
      [
        -231.59393815749368
      ], 
      [
        -117.71381820403352
      ], 
      [
        446.6687082034444
      ]
    ], 
    "image14":[
      [
        -269.0685322398275
      ], 
      [
        -25.504781182987312
      ], 
      [
        417.4429628134535
      ]
    ], 
    "image15":[
      [
        100.53175719913756
      ], 
      [
        -90.71825518542957
      ], 
      [
        519.3258141343179
      ]
    ], 
    "image16":[
      [
        88.00451495542212
      ], 
      [
        -83.1694023078603
      ], 
      [
        447.11664671401513
      ]
    ], 
    "image17":[
      [
        -60.7086691677368
      ], 
      [
        -155.34597559176925
      ], 
      [
        399.05246237962734
      ]
    ], 
    "image18":[
      [
        -60.796778964050084
      ], 
      [
        -38.561765235039225
      ], 
      [
        323.05684096133683
      ]
    ], 
    "image19":[
      [
        -241.83716699357012
      ], 
      [
        -132.00618928878188
      ], 
      [
        334.0482094072138
      ]
    ], 
    "image20":[
      [
        -129.3579723516105
      ], 
      [
        -23.504677694907556
      ], 
      [
        785.2974792148971
      ]
    ]
  },