{
  "bTc(i)":{
    "bTc(1)":[
      [
        -0.9997753557947828, 
        -0.017821457074840275, 
        0.011473169272084645, 
        13.55395116241548
      ], 
      [
        -0.021172801390018887, 
        0.8148470904785504, 
        -0.5792891606270056, 
        1091.5736983383606
      ], 
      [
        0.0009748983101078744, 
        -0.5794019458082371, 
        -0.8150413699726624, 
        675.8403811070402
      ], 
      [
        0.0, 
        0.0, 
        0.0, 
        1.0
      ]
    ], 
    "bTc(2)":[
      [
        -0.9998290857251559, 
        -0.016411653792325936, 
        0.008512165282706473, 
        13.856583122804608
      ], 
      [
        -0.018316541252358435, 
        0.8168002794179692, 
        -0.5766296973442128, 
        1090.7601167567805
      ], 
      [
        0.002510707977820061, 
        -0.5766870565241852, 
        -0.8169612813242266, 
        675.0933966859084
      ], 
      [
        0.0, 
        0.0, 
        0.0, 
        1.0
      ]
    ], 
    "bTc(3)":[
      [
        -0.9997492718724194, 
        -0.017696169648905514, 
        0.013720020784448233, 
        11.378725988152269
      ], 
      [
        -0.022378200841384362, 
        0.81098115214897, 
        -0.5846441541538175, 
        1092.4442921033647
      ], 
      [
        -0.000780716127133415, 
        -0.5848045968004072, 
        -0.8111738248017144, 
        674.7062623121845
      ], 
      [
        0.0, 
        0.0, 
        0.0, 
        1.0
      ]
    ], 
    "bTc(4)":[
      [
        -0.9998512747967476, 
        -0.0164032725503634, 
        0.005325498752038227, 
        15.900617477709801
      ], 
      [
        -0.016481272266344153, 
        0.8178729038405307, 
        -0.5751628298385953, 
        1090.3526587471545
      ], 
      [
        0.005078971529951727, 
        -0.5751650596247107, 
        -0.8180216123276337, 
        676.6022006793642
      ], 
      [
        0.0, 
        0.0, 
        0.0, 
        1.0
      ]
    ], 
    "bTc(5)":[
      [
        -0.9998283182768245, 
        -0.014114385438239332, 
        0.01200491963483243, 
        12.90248674192091
      ], 
      [
        -0.018458480993545905, 
        0.8152741226272406, 
        -0.5787809511842923, 
        1091.9275075094151
      ], 
      [
        -0.0016181628931728235, 
        -0.5789031776541604, 
        -0.8153946850763546, 
        674.876573279098
      ], 
      [
        0.0, 
        0.0, 
        0.0, 
        1.0
      ]
    ], 
    "bTc(6)":[
      [
        -0.9996943512606998, 
        -0.017979930849237574, 
        0.016968386608803107, 
        11.686067796434045
      ], 
      [
        -0.024487916150810685, 
        0.8144809864645348, 
        -0.5796732395499642, 
        1090.8902135183116
      ], 
      [
        -0.0033979435015880754, 
        -0.5799115835835802, 
        -0.8146723324168711, 
        676.0941095084731
      ], 
      [
        0.0, 
        0.0, 
        0.0, 
        1.0
      ]
    ], 
    "bTc(7)":[
      [
        -0.9997046234394376, 
        -0.017624071392915882, 
        0.016734932965205236, 
        11.54249454379709
      ], 
      [
        -0.024046258556899274, 
        0.8172140212207711, 
        -0.5758324591142747, 
        1090.2289607892071
      ], 
      [
        -0.003527509493567312, 
        -0.5760647842280553, 
        -0.8173964283314786, 
        676.0583697773749
      ], 
      [
        0.0, 
        0.0, 
        0.0, 
        1.0
      ]
    ], 
    "bTc(8)":[
      [
        -0.9996237511563496, 
        -0.01736508032533826, 
        0.021232289311410732, 
        10.205819913395743
      ], 
      [
        -0.026454791456572785, 
        0.814852781813318, 
        -0.5790639757229655, 
        1090.2057135974487
      ], 
      [
        -0.007245697557729397, 
        -0.579407799357579, 
        -0.8150055839750487, 
        675.4465765028267
      ], 
      [
        0.0, 
        0.0, 
        0.0, 
        1.0
      ]
    ], 
    "bTc(9)":[
      [
        -0.9997428010559317, 
        -0.01830275149182084, 
        0.013391826786077244, 
        13.388737998064457
      ], 
      [
        -0.022674839847098272, 
        0.8178377365193754, 
        -0.5750019898772307, 
        1089.7167541810227
      ], 
      [
        -0.00042822277855941157, 
        -0.5751577575002316, 
        -0.8180424014759613, 
        676.1648992858247
      ], 
      [
        0.0, 
        0.0, 
        0.0, 
        1.0
      ]
    ], 
    "bTc(10)":[
      [
        -0.9997045289849676, 
        -0.017580855762998927, 
        0.0167859535798558, 
        11.75985616826432
      ], 
      [
        -0.02405752196244623, 
        0.8144026065126305, 
        -0.5798013712837011, 
        1090.7290121441222
      ], 
      [
        -0.003477120068507023, 
        -0.5800338852309184, 
        -0.8145849259714764, 
        676.5066210877462
      ], 
      [
        0.0, 
        0.0, 
        0.0, 
        1.0
      ]
    ], 
    "bTc(11)":[
      [
        -0.9997623131211396, 
        -0.01802130397714202, 
        0.01226987634954431, 
        12.238183937706452
      ], 
      [
        -0.02179381932273701, 
        0.8109005187741888, 
        -0.5847780588317927, 
        1093.9158281637058
      ], 
      [
        0.0005888140602297989, 
        -0.5849064722284367, 
        -0.8111005314036528, 
        673.3171805751524
      ], 
      [
        0.0, 
        0.0, 
        0.0, 
        1.0
      ]
    ], 
    "bTc(12)":[
      [
        -0.9998187642593837, 
        -0.01781543424347407, 
        0.00671185053144831, 
        15.305282293298138
      ], 
      [
        -0.018401534958458955, 
        0.8139661059972598, 
        -0.5806208416848561, 
        1092.6262607689607
      ], 
      [
        0.0048807935843079376, 
        -0.5806391207887858, 
        -0.814146417583234, 
        674.5317722673252
      ], 
      [
        0.0, 
        0.0, 
        0.0, 
        1.0
      ]
    ], 
    "bTc(13)":[
      [
        -0.9997129820516083, 
        -0.019342887947121346, 
        0.014135282216678915, 
        11.409042878207304
      ], 
      [
        -0.023954455840011407, 
        0.8161951326076716, 
        -0.5772795592717238, 
        1091.4348116898195
      ], 
      [
        -0.0003708947141326735, 
        -0.5774524726706194, 
        -0.8164242183103705, 
        674.1752865145511
      ], 
      [
        0.0, 
        0.0, 
        0.0, 
        1.0
      ]
    ], 
    "bTc(14)":[
      [
        -0.9997396905797724, 
        -0.019153533193181464, 
        0.012397308001266706, 
        13.786665153950764
      ], 
      [
        -0.02279791219071634, 
        0.8172396459861195, 
        -0.5758468687318077, 
        1088.820817975186
      ], 
      [
        0.0008979305123079228, 
        -0.5759796031064828, 
        -0.8174635713755656, 
        676.8094047562706
      ], 
      [
        0.0, 
        0.0, 
        0.0, 
        1.0
      ]
    ], 
    "bTc(15)":[
      [
        -0.9997163006777923, 
        -0.017606332593274546, 
        0.016041671101419602, 
        11.947044821994268
      ], 
      [
        -0.02364689555107262, 
        0.8143437199980773, 
        -0.5799009657092237, 
        1091.1111945060165
      ], 
      [
        -0.002853504846278389, 
        -0.580115783919304, 
        -0.8145290263445402, 
        676.142028035601
      ], 
      [
        0.0, 
        0.0, 
        0.0, 
        1.0
      ]
    ],