{
  "Dx":[
    [
      0.6634697112320973, 
      0.7027302068303934, 
      0.2568622173183696
    ], 
    [
      0.7377704491173542, 
      -0.6715876982615561, 
      -0.06829881370069554
    ], 
    [
      0.12450986582104322, 
      0.23481954763574853, 
      -0.9640316765342137
    ]
  ], 
  "rx":[
    [
      -137.68366130674897
    ], 
    [
      -56.46996463215536
    ], 
    [
      -164.52583814246017
    ]
  ], 
  "fTc":[
    [
      0.6634697112320973, 
      0.7027302068303934, 
      0.2568622173183696, 
      -137.68366130674897
    ], 
    [
      0.7377704491173542, 
      -0.6715876982615561, 
      -0.06829881370069554, 
      -56.46996463215536
    ], 
    [
      0.12450986582104322, 
      0.23481954763574853, 
      -0.9640316765342137, 
      -164.52583814246017
    ], 
    [
      0.0, 
      0.0, 
      0.0, 
      1.0
    ]
  ]
}