{
  "Dx":[
    [
      0.6796550093300184, 
      0.7335258320219289, 
      -0.002986979938196737
    ], 
    [
      0.733508135336243, 
      -0.6796601300925409, 
      -0.0052842178359392864
    ], 
    [
      -0.005906241458070626, 
      0.0014004710378336734, 
      -0.9999815773266586
    ]
  ], 
  "rx":[
    [
      -99.24842481694236
    ], 
    [
      -23.38240796602448
    ], 
    [
      66.09439590903408
    ]
  ], 
  "fTc":[
    [
      0.6796550093300184, 
      0.7335258320219289, 
      -0.002986979938196737, 
      -99.24842481694236
    ], 
    [
      0.733508135336243, 
      -0.6796601300925409, 
      -0.0052842178359392864, 
      -23.38240796602448
    ], 
    [
      -0.005906241458070626, 
      0.0014004710378336734, 
      -0.9999815773266586, 
      66.09439590903408
    ], 
    [
      0.0, 
      0.0, 
      0.0, 
      1.0
    ]
  ]
}