{
  "bTc(i)":{
    "bTc(1)":[
      [
        -0.9996352807218062, 
        -0.016416744676751114, 
        0.021442854997782066, 
        14.0855928746724
      ], 
      [
        -0.02485475113964396, 
        0.8698077706695887, 
        -0.49276432848633495, 
        1085.7711827706335
      ], 
      [
        -0.01056157573584129, 
        -0.49311756466082257, 
        -0.8698985691107645, 
        665.6673194204977
      ], 
      [
        0.0, 
        0.0, 
        0.0, 
        1.0
      ]
    ], 
    "bTc(2)":[
      [
        -0.9996372462413374, 
        -0.015885249379639126, 
        0.02174936273052188, 
        13.290834482831755
      ], 
      [
        -0.02453875013628319, 
        0.8700261691586675, 
        -0.4923944706440607, 
        1086.6963910281036
      ], 
      [
        -0.011100705778742505, 
        -0.492749554876757, 
        -0.8701003680610481, 
        665.7725487673811
      ], 
      [
        0.0, 
        0.0, 
        0.0, 
        1.0
      ]
    ], 
    "bTc(3)":[
      [
        -0.9996520251682297, 
        -0.017273032908356672, 
        0.019936672520906785, 
        14.201069905221345
      ], 
      [
        -0.02489878704532154, 
        0.8674454874648989, 
        -0.496908821294669, 
        1086.4186997074526
      ], 
      [
        -0.0087108541906503, 
        -0.49723230849466415, 
        -0.8675737158353384, 
        665.1008602846977
      ], 
      [
        0.0, 
        0.0, 
        0.0, 
        1.0
      ]
    ], 
    "bTc(4)":[
      [
        -0.999634253181403, 
        -0.01690320151949026, 
        0.02111022607298663, 
        13.371752625210945
      ], 
      [
        -0.025125266921317387, 
        0.869243318379273, 
        -0.4937456576164739, 
        1084.2354491018905
      ], 
      [
        -0.01000404061335546, 
        -0.49409547177785695, 
        -0.869350092850989, 
        662.7795776026985
      ], 
      [
        0.0, 
        0.0, 
        0.0, 
        1.0
      ]
    ], 
    "bTc(5)":[
      [
        -0.9995464893636784, 
        -0.015116967049531539, 
        0.02604405705666398, 
        12.087872158084096
      ], 
      [
        -0.026010575507765185, 
        0.8692267000422713, 
        -0.4937290693238349, 
        1087.7326734457733
      ], 
      [
        -0.015174503698713114, 
        -0.49418257885203554, 
        -0.8692256975013161, 
        665.930843902043
      ], 
      [
        0.0, 
        0.0, 
        0.0, 
        1.0
      ]
    ], 
    "bTc(6)":[
      [
        -0.9996324759917574, 
        -0.017015049218767446, 
        0.021104526592024823, 
        13.93341602068493
      ], 
      [
        -0.025174392087864587, 
        0.8714705175253105, 
        -0.48980137511768596, 
        1085.8067107631343
      ], 
      [
        -0.01005797820623118, 
        -0.49015265498031524, 
        -0.87157857470807, 
        667.6471858647417
      ], 
      [
        0.0, 
        0.0, 
        0.0, 
        1.0
      ]
    ], 
    "bTc(7)":[
      [
        -0.9994880211150812, 
        -0.01718630863916608, 
        0.026987523836397295, 
        11.76595798526683
      ], 
      [
        -0.028203723463782915, 
        0.87154014390692, 
        -0.48951233645484976, 
        1084.3062911482891
      ], 
      [
        -0.015107800311073236, 
        -0.4900228651339306, 
        -0.8715786516521011, 
        665.7892506358714
      ], 
      [
        0.0, 
        0.0, 
        0.0, 
        1.0
      ]
    ], 
    "bTc(8)":[
      [
        -0.9995932505723457, 
        -0.01793807535753426, 
        0.022171126779685697, 
        13.331965144565842
      ], 
      [
        -0.026481287703455408, 
        0.8723920747589076, 
        -0.48808893585023816, 
        1084.7931232998476
      ], 
      [
        -0.010586539178612636, 
        -0.48847752594189825, 
        -0.8725122531161965, 
        667.7705298093554
      ], 
      [
        0.0, 
        0.0, 
        0.0, 
        1.0
      ]
    ], 
    "bTc(9)":[
      [
        -0.9995965851843133, 
        -0.01676069373617215, 
        0.022929152477670998, 
        13.274898501363769
      ], 
      [
        -0.025865025450933384, 
        0.8707095883074406, 
        -0.491116903891438, 
        1086.3664843673278
      ], 
      [
        -0.011733172899290465, 
        -0.49151184316857693, 
        -0.8707918469294162, 
        666.1784367524403
      ], 
      [
        0.0, 
        0.0, 
        0.0, 
        1.0
      ]
    ], 
    "bTc(10)":[
      [
        -0.9996258951889775, 
        -0.01777026806953188, 
        0.02079151847205519, 
        14.687051914597163
      ], 
      [
        -0.025671922027404794, 
        0.8718404572317568, 
        -0.4891167238536645, 
        1083.6704451251362
      ], 
      [
        -0.009435151671048286, 
        -0.48946750117516447, 
        -0.8719704944585479, 
        667.4002468115469
      ], 
      [
        0.0, 
        0.0, 
        0.0, 
        1.0
      ]
    ], 
    "bTc(11)":[
      [
        -0.9996826228116671, 
        -0.016169951569344032, 
        0.019318030816658786, 
        14.795152822590524
      ], 
      [
        -0.023648578608394952, 
        0.8666424532108519, 
        -0.49836894267448173, 
        1087.48942653521
      ], 
      [
        -0.008683223951440083, 
        -0.49866761571102997, 
        -0.8667497970365415, 
        663.5242397144382
      ], 
      [
        0.0, 
        0.0, 
        0.0, 
        1.0
      ]
    ], 
    "bTc(12)":[
      [
        -0.9997455699304709, 
        -0.015072005427780609, 
        0.016781837109953398, 
        16.323726009808713
      ], 
      [
        -0.021419151826630737, 
        0.8676004945162183, 
        -0.49680036418086804, 
        1087.4152928511658
      ], 
      [
        -0.007072152390028441, 
        -0.4970334159466551, 
        -0.8677025804346622, 
        664.0366601798005
      ], 
      [
        0.0, 
        0.0, 
        0.0, 
        1.0
      ]
    ], 
    "bTc(13)":[
      [
        -0.999492618390733, 
        -0.019146378249136998, 
        0.025454311665787516, 
        10.69139104291075
      ], 
      [
        -0.029212850339093856, 
        0.8695179495910297, 
        -0.4930366565622471, 
        1085.7248541451545
      ], 
      [
        -0.012693114570656543, 
        -0.49353009182719043, 
        -0.8696360924568054, 
        663.0805565757264
      ], 
      [
        0.0, 
        0.0, 
        0.0, 
        1.0
      ]
    ], 
    "bTc(14)":[
      [
        -0.999625065247284, 
        -0.018472986115126648, 
        0.02021083158494486, 
        14.994201776343118
      ], 
      [
        -0.025998601931997933, 
        0.8719400735520267, 
        -0.4889218555471517, 
        1081.7358248653143
      ], 
      [
        -0.008590787329820332, 
        -0.48926399511723634, 
        -0.8720934247286669, 
        665.2101362699052
      ], 
      [
        0.0, 
        0.0, 
        0.0, 
        1.0
      ]
    ], 
    "bTc(15)":[
      [
        -0.999602108556759, 
        -0.018015149388450474, 
        0.021704353512490462, 
        14.578421758486655
      ], 
      [
        -0.026349288636405937, 
        0.8710011415592744, 
        -0.4905738745497953, 
        1083.1732224860946
      ], 
      [
        -0.010066755050100058, 
        -0.49095057367820105, 
        -0.8711292640290569, 
        665.9266215392873
      ], 
      [
        0.0, 
        0.0, 
        0.0, 
        1.0
      ]
    ],