{
  "bTc(i)":{
    "bTc(1)":[
      [
        -0.2286489793267637, 
        0.8808231510454811, 
        -0.41457233486466205, 
        942.4354025468285
      ], 
      [
        0.9668888648181824, 
        0.15589403160845558, 
        -0.2020469598867261, 
        89.28361873416424
      ], 
      [
        -0.11333828719120344, 
        -0.44704320539649267, 
        -0.8873031078303473, 
        674.9784227388349
      ], 
      [
        0.0, 
        0.0, 
        0.0, 
        1.0
      ]
    ], 
    "bTc(2)":[
      [
        -0.24376059664574695, 
        0.826822558646781, 
        -0.5068976504539142, 
        996.7440509186864
      ], 
      [
        0.9600406213976311, 
        0.13162192558893315, 
        -0.2469770717510241, 
        103.34622812386947
      ], 
      [
        -0.13748736956302166, 
        -0.5468456136946251, 
        -0.8258674821020555, 
        601.455245367074
      ], 
      [
        0.0, 
        0.0, 
        0.0, 
        1.0
      ]
    ], 
    "bTc(3)":[
      [
        -0.03978668509720422, 
        0.9546617568503928, 
        -0.29502194782133906, 
        885.7518465704845
      ], 
      [
        0.9989285963837193, 
        0.031017978266180697, 
        -0.03434449520856588, 
        -52.53041810311285
      ], 
      [
        -0.023636391768380727, 
        -0.29607231385524746, 
        -0.9548730313254066, 
        682.4368700434369
      ], 
      [
        0.0, 
        0.0, 
        0.0, 
        1.0
      ]
    ], 
    "bTc(4)":[
      [
        -0.8762276484365626, 
        0.3543184954504389, 
        -0.32662442023992666, 
        381.139951225426
      ], 
      [
        0.4783424626367393, 
        0.721676091925097, 
        -0.500371968421831, 
        927.1723610943238
      ], 
      [
        0.05842599210925327, 
        -0.5946780827686995, 
        -0.8018381266319238, 
        722.4835206351916
      ], 
      [
        0.0, 
        0.0, 
        0.0, 
        1.0
      ]
    ], 
    "bTc(5)":[
      [
        -0.12779184469784294, 
        0.9134907613118222, 
        -0.38626917224478263, 
        1064.166531251483
      ], 
      [
        0.9885397539924917, 
        0.14887223457303939, 
        0.025024239243042756, 
        60.98950489543272
      ], 
      [
        0.08036416617613547, 
        -0.3786445388107131, 
        -0.9220465899419814, 
        696.6170800369239
      ], 
      [
        0.0, 
        0.0, 
        0.0, 
        1.0
      ]
    ], 
    "bTc(6)":[
      [
        -0.4144787798297896, 
        0.7508479918957023, 
        -0.5142320819795273, 
        908.0502930842908
      ], 
      [
        0.65118769004595, 
        0.6394208093560283, 
        0.4087733123567394, 
        -251.63505741770166
      ], 
      [
        0.6357373147797978, 
        -0.1654337378791657, 
        -0.7539693262778656, 
        630.0895421821945
      ], 
      [
        0.0, 
        0.0, 
        0.0, 
        1.0
      ]
    ], 
    "bTc(7)":[
      [
        -0.5712047416926045, 
        0.6997263333701148, 
        -0.4290783162271189, 
        966.8762631888258
      ], 
      [
        0.809853713830187, 
        0.5655629348103053, 
        -0.155806062026507, 
        -157.0678448745533
      ], 
      [
        0.1336491872902294, 
        -0.4364878293345288, 
        -0.8897281998337983, 
        528.1631256856543
      ], 
      [
        0.0, 
        0.0, 
        0.0, 
        1.0
      ]
    ], 
    "bTc(8)":[
      [
        -0.13354953888459936, 
        0.9645774150844422, 
        -0.22749710102048787, 
        829.3265573858027
      ], 
      [
        0.9769433398337368, 
        0.08955127882939518, 
        -0.19380990484111976, 
        30.06850839178646
      ], 
      [
        -0.16657200070304445, 
        -0.2481350010962482, 
        -0.954297013414979, 
        620.538554838746
      ], 
      [
        0.0, 
        0.0, 
        0.0, 
        1.0
      ]
    ], 
    "bTc(9)":[
      [
        -0.666402235569283, 
        0.5147850574556476, 
        -0.5393555460442088, 
        905.9628695453227
      ], 
      [
        0.7152320865321204, 
        0.645700045356998, 
        -0.2674219770715941, 
        212.2954705455103
      ], 
      [
        0.21059706271259046, 
        -0.5639749959407387, 
        -0.798486744492651, 
        602.4666694448854
      ], 
      [
        0.0, 
        0.0, 
        0.0, 
        1.0
      ]
    ], 
    "bTc(10)":[
      [
        -0.27013717695838824, 
        0.7507281115331703, 
        -0.6028542180152608, 
        1114.3849714258306
      ], 
      [
        0.962792699167343, 
        0.2057521853603958, 
        -0.1752034721387761, 
        -127.698409289319
      ], 
      [
        -0.007491598962425627, 
        -0.6277526111242077, 
        -0.7783768593500997, 
        507.0502544029763
      ], 
      [
        0.0, 
        0.0, 
        0.0, 
        1.0
      ]
    ], 
    "bTc(11)":[
      [
        -0.05800241864869958, 
        0.9175452365812318, 
        -0.39337826358098604, 
        993.3981403063952
      ], 
      [
        0.9955234910054108, 
        0.08261488947389323, 
        0.045910335368153046, 
        -83.11567363095455
      ], 
      [
        0.07462371129407024, 
        -0.38895439175346447, 
        -0.918229700482614, 
        514.4852342910473
      ], 
      [
        0.0, 
        0.0, 
        0.0, 
        1.0
      ]
    ], 
    "bTc(12)":[
      [
        -0.37816892298123517, 
        0.8085316595897195, 
        -0.4508490003674245, 
        997.2681203044622
      ], 
      [
        0.9038044455251363, 
        0.21708252417843898, 
        -0.3687989993822075, 
        262.7546001891253
      ], 
      [
        -0.20031422800243806, 
        -0.5469476511855693, 
        -0.8128483726516134, 
        505.11148942323103
      ], 
      [
        0.0, 
        0.0, 
        0.0, 
        1.0
      ]
    ], 
    "bTc(13)":[
      [
        0.32473246094883573, 
        0.8977888924263011, 
        -0.2975297185863413, 
        934.5968490264108
      ], 
      [
        0.697620001299578, 
        -0.4397777115228485, 
        -0.5656163878765382, 
        224.6365929401295
      ], 
      [
        -0.6386510491597817, 
        -0.023888681078727103, 
        -0.7691255868344445, 
        619.8898366651821
      ], 
      [
        0.0, 
        0.0, 
        0.0, 
        1.0
      ]
    ], 
    "bTc(14)":[
      [
        -0.4354624210648176, 
        0.840428327889414, 
        -0.32257201602335295, 
        824.4289563493537
      ], 
      [
        0.8845003673823792, 
        0.3328073641467504, 
        -0.32695314415085275, 
        292.0158799987942
      ], 
      [
        -0.16742634183665278, 
        -0.4276908744066156, 
        -0.8882842653162892, 
        645.0477043471906
      ], 
      [
        0.0, 
        0.0, 
        0.0, 
        1.0
      ]
    ], 
    "bTc(15)":[
      [
        -0.16662687897163322, 
        0.852230226781263, 
        -0.4959224977398472, 
        936.3499548184586
      ], 
      [
        0.9565491167963527, 
        0.017666256437338698, 
        -0.2910355485840306, 
        -226.07720712812267
      ], 
      [
        -0.2392681975530604, 
        -0.5228685723428463, 
        -0.8181437439080388, 
        615.0434426819326
      ], 
      [
        0.0, 
        0.0, 
        0.0, 
        1.0
      ]
    ], 
    "bTc(16)":[
      [
        -0.31313218524200914, 
        0.8441201218207451, 
        -0.43521196502726484, 
        938.2554170136974
      ], 
      [
        0.936910771625867, 
        0.19958709492108806, 
        -0.2869898910282078, 
        211.87208177234132
      ], 
      [
        -0.1553912500013635, 
        -0.49762054969453384, 
        -0.8533623778587398, 
        563.9970648789921
      ], 
      [
        0.0, 
        0.0, 
        0.0, 
        1.0
      ]
    ],