{
  "Dx":[
    [
      0.6813718157023881, 
      0.7319346053555563, 
      -0.002045054874239957
    ], 
    [
      0.7319259834718581, 
      -0.6813741182149146, 
      -0.0036967209256999535
    ], 
    [
      -0.004099205433498227, 
      0.0010220126492083122, 
      -0.9999910759626605
    ]
  ], 
  "rx":[
    [
      -100.19122488378953
    ], 
    [
      -21.967672728209916
    ], 
    [
      66.56133079464144
    ]
  ], 
  "fTc":[
    [
      0.6813718157023881, 
      0.7319346053555563, 
      -0.002045054874239957, 
      -100.19122488378953
    ], 
    [
      0.7319259834718581, 
      -0.6813741182149146, 
      -0.0036967209256999535, 
      -21.967672728209916
    ], 
    [
      -0.004099205433498227, 
      0.0010220126492083122, 
      -0.9999910759626605, 
      66.56133079464144
    ], 
    [
      0.0, 
      0.0, 
      0.0, 
      1.0
    ]
  ]
}