{
  "rms":2.535681929320117, 
  "camera_matrix":[
    [
      1632.0872262376538, 
      0.0, 
      644.318903284315
    ], 
    [
      0.0, 
      1204.7068501030717, 
      359.7371945876647
    ], 
    [
      0.0, 
      0.0, 
      1.0
    ]
  ], 
  "dist_coefs":[
    [
      -1.907130316205811, 
      111.94641469454389, 
      0.7390900626603317, 
      0.002179726203972229, 
      -846.437034809753
    ]
  ], 
  "rotational_vectors":{
    "image0":[
      [
        0.2270064025999014
      ], 
      [
        0.16759914002709783
      ], 
      [
        1.495274575266977
      ]
    ], 
    "image1":[
      [
        -0.3432824752264598
      ], 
      [
        -0.7086112422379008
      ], 
      [
        1.3445320128426401
      ]
    ], 
    "image2":[
      [
        0.6379780411746042
      ], 
      [
        0.06521696331492234
      ], 
      [
        -2.2607543312483847
      ]
    ], 
    "image3":[
      [
        -0.5647351972116333
      ], 
      [
        0.1745911329044219
      ], 
      [
        -1.4872583336015612
      ]
    ], 
    "image4":[
      [
        -0.031238094633484377
      ], 
      [
        0.2616400529957607
      ], 
      [
        -0.6894658235587163
      ]
    ], 
    "image5":[
      [
        -0.1220741983667652
      ], 
      [
        -0.3790736903611238
      ], 
      [
        0.2012941532989316
      ]
    ], 
    "image6":[
      [
        0.5384085291106685
      ], 
      [
        0.24125720514357873
      ], 
      [
        1.2793888079527944
      ]
    ], 
    "image7":[
      [
        -0.04071778545997598
      ], 
      [
        -0.9488475429808411
      ], 
      [
        0.3034419304214938
      ]
    ], 
    "image8":[
      [
        0.40185210161360463
      ], 
      [
        0.20071897292378077
      ], 
      [
        2.925644969772919
      ]
    ], 
    "image9":[
      [
        0.21301664557380467
      ], 
      [
        0.32806055305329873
      ], 
      [
        1.7566455074694625
      ]
    ], 
    "image10":[
      [
        0.33343172854949527
      ], 
      [
        0.31326928063165477
      ], 
      [
        0.6425096576292959
      ]
    ], 
    "image11":[
      [
        0.17707460249566276
      ], 
      [
        0.3777030773359241
      ], 
      [
        1.698245029412102
      ]
    ], 
    "image12":[
      [
        -0.4298215828713746
      ], 
      [
        -0.1739400818174151
      ], 
      [
        -2.7550058310994983
      ]
    ], 
    "image13":[
      [
        0.14461549032527735
      ], 
      [
        0.3077348473281301
      ], 
      [
        1.3835638197016402
      ]
    ], 
    "image14":[
      [
        -0.31010222307347746
      ], 
      [
        -0.28643857738272616
      ], 
      [
        -2.754583831657092
      ]
    ], 
    "image15":[
      [
        -0.2896533545662365
      ], 
      [
        -0.6267822223378459
      ], 
      [
        1.8424577157649946
      ]
    ]
  }, 
  "translational_vectors":{
    "image0":[
      [
        -59.07628625829488
      ], 
      [
        118.45793817785292
      ], 
      [
        2015.8190280217984
      ]
    ], 
    "image1":[
      [
        376.5802466233154
      ], 
      [
        -192.70153001727664
      ], 
      [
        1596.6808143587684
      ]
    ], 
    "image2":[
      [
        234.49175084323835
      ], 
      [
        124.65137876129327
      ], 
      [
        1813.4255765317637
      ]
    ], 
    "image3":[
      [
        76.84458950619349
      ], 
      [
        161.7941203238411
      ], 
      [
        1942.9801165823956
      ]
    ], 
    "image4":[
      [
        -226.17418644818548
      ], 
      [
        167.33011998749564
      ], 
      [
        2056.0848745884587
      ]
    ], 
    "image5":[
      [
        -82.69674002535425
      ], 
      [
        10.919615864960484
      ], 
      [
        1988.5175869695934
      ]
    ], 
    "image6":[
      [
        -152.352272725503
      ], 
      [
        -148.5615243971102
      ], 
      [
        1718.0827531993866
      ]
    ], 
    "image7":[
      [
        -0.5454351678194185
      ], 
      [
        -295.3326113038557
      ], 
      [
        1139.4576441726194
      ]
    ], 
    "image8":[
      [
        97.22394923150874
      ], 
      [
        205.1703625779858
      ], 
      [
        2026.5129756251138
      ]
    ], 
    "image9":[
      [
        94.09770153287636
      ], 
      [
        94.39675991534311
      ], 
      [
        2023.1622067595074
      ]
    ], 
    "image10":[
      [
        -206.47061949979016
      ], 
      [
        -37.55612891407771
      ], 
      [
        1866.9373259105082
      ]
    ], 
    "image11":[
      [
        122.26496742282201
      ], 
      [
        101.32822755569424
      ], 
      [
        2019.8426886195123
      ]
    ], 
    "image12":[
      [
        107.5179326595159
      ], 
      [
        277.1680437496889
      ], 
      [
        2023.3507434240391
      ]
    ], 
    "image13":[
      [
        44.79978554670131
      ], 
      [
        89.48558777001273
      ], 
      [
        2039.5896918490828
      ]
    ], 
    "image14":[
      [
        102.82536511902819
      ], 
      [
        356.4690712705453
      ], 
      [
        2048.5594626922575
      ]
    ], 
    "image15":[
      [
        322.34168034863836
      ], 
      [
        -112.45838079127144
      ], 
      [
        1730.6944441240867
      ]
    ]
  }, 
  "image_files_names":[
    [
      0, 
      "p01.png"
    ], 
    [
      1, 
      "p02.png"
    ], 
    [
      2, 
      "p03.png"
    ], 
    [
      3, 
      "p04.png"
    ], 
    [
      4, 
      "p05.png"
    ], 
    [
      5, 
      "p06.png"
    ], 
    [
      6, 
      "p07.png"
    ], 
    [
      7, 
      "p08.png"
    ], 
    [
      8, 
      "p09.png"
    ], 
    [
      9, 
      "p10.png"
    ], 
    [
      10, 
      "p11.png"
    ], 
    [
      11, 
      "p12.png"
    ], 
    [
      12, 
      "p13.png"
    ], 
    [
      13, 
      "p14.png"
    ], 
    [
      14, 
      "p15.png"
    ], 
    [
      15, 
      "p16.png"
    ], 
    [
      16, 
      "p17.png"
    ], 
    [
      17, 
      "p18.png"
    ], 
    [
      18, 
      "p19.png"
    ], 
    [
      19, 
      "p20.png"
    ], 
    [
      20, 
      "p21.png"
    ]
  ]
}