{
  "rms":0.38643175164726956, 
  "camera_matrix":[
    [
      619.2071997554533, 
      0.0, 
      636.6779936363724
    ], 
    [
      0.0, 
      621.1244242319674, 
      365.02524129791084
    ], 
    [
      0.0, 
      0.0, 
      1.0
    ]
  ], 
  "dist_coefs":[
    [
      0.0857812252444565, 
      -0.014259941535136732, 
      0.0006446155179187813, 
      -0.0019552388080274446, 
      -0.046297538558116295
    ]
  ], 
  "rotational_vectors":{
    "image0":[
      [
        0.3820193381524488
      ], 
      [
        -0.4634468971714355
      ], 
      [
        1.5630093271462675
      ]
    ], 
    "image1":[
      [
        0.12352286163079536
      ], 
      [
        -0.5470449626145206
      ], 
      [
        2.0095424862000337
      ]
    ], 
    "image2":[
      [
        0.44208690667581024
      ], 
      [
        -0.1132744375674659
      ], 
      [
        0.608834582282831
      ]
    ], 
    "image3":[
      [
        0.3283620634469051
      ], 
      [
        -0.14373400297746428
      ], 
      [
        -0.13362836734153857
      ]
    ], 
    "image4":[
      [
        0.26766289561279943
      ], 
      [
        -0.0024891604306602863
      ], 
      [
        -0.004785060391410115
      ]
    ], 
    "image5":[
      [
        0.12966947476762697
      ], 
      [
        -0.28045351433828175
      ], 
      [
        0.7682762881978961
      ]
    ], 
    "image6":[
      [
        0.06003840492030617
      ], 
      [
        -0.14346855245278287
      ], 
      [
        1.304103554971511
      ]
    ], 
    "image7":[
      [
        0.19057950271550644
      ], 
      [
        -0.22666607991974672
      ], 
      [
        1.2771007966752683
      ]
    ], 
    "image8":[
      [
        0.0542357225140253
      ], 
      [
        -0.01386764402224034
      ], 
      [
        1.9651578395501397
      ]
    ], 
    "image9":[
      [
        -0.14059094228079044
      ], 
      [
        0.023738250689300074
      ], 
      [
        2.168355219558912
      ]
    ], 
    "image10":[
      [
        -0.378875894571129
      ], 
      [
        -0.3790565117921221
      ], 
      [
        2.173752512487311
      ]
    ], 
    "image11":[
      [
        -0.1906258504704326
      ], 
      [
        -0.4423007843074792
      ], 
      [
        2.324185291903036
      ]
    ], 
    "image12":[
      [
        0.11094773401830471
      ], 
      [
        -0.5038977479335555
      ], 
      [
        1.5184566712160414
      ]
    ], 
    "image13":[
      [
        0.3067221859493973
      ], 
      [
        -0.43073869767599526
      ], 
      [
        1.6606975214821287
      ]
    ], 
    "image14":[
      [
        0.26042397863804934
      ], 
      [
        -0.3240518541659305
      ], 
      [
        1.5559456560771783
      ]
    ], 
    "image15":[
      [
        0.2847399965619886
      ], 
      [
        -0.22423563223372553
      ], 
      [
        1.6439905091835367
      ]
    ], 
    "image16":[
      [
        -0.2303110455251314
      ], 
      [
        0.36558136684524495
      ], 
      [
        1.8748348907099086
      ]
    ], 
    "image17":[
      [
        -0.2560681888618999
      ], 
      [
        0.30622094468273015
      ], 
      [
        1.885088087234213
      ]
    ], 
    "image18":[
      [
        -0.021400389763555034
      ], 
      [
        -0.001594118197768722
      ], 
      [
        1.7354508012963632
      ]
    ], 
    "image19":[
      [
        0.12272155412453724
      ], 
      [
        -0.1530755372509254
      ], 
      [
        1.723221606163312
      ]
    ], 
    "image20":[
      [
        -0.5075506316949545
      ], 
      [
        0.012785351224449468
      ], 
      [
        0.03773615733156801
      ]
    ]
  }, 
  "translational_vectors":{
    "image0":[
      [
        105.05241177998226
      ], 
      [
        -214.834939355657
      ], 
      [
        486.2226840447137
      ]
    ], 
    "image1":[
      [
        148.07114101955358
      ], 
      [
        -129.07852963223925
      ], 
      [
        515.2233014164715
      ]
    ], 
    "image2":[
      [
        -148.50472586196383
      ], 
      [
        -183.59496570172576
      ], 
      [
        492.59877104501874
      ]
    ], 
    "image3":[
      [
        -0.7804026742047777
      ], 
      [
        -127.3982228641508
      ], 
      [
        440.6944358266109
      ]
    ], 
    "image4":[
      [
        -177.63824111411841
      ], 
      [
        -195.80058707514763
      ], 
      [
        565.0042361061645
      ]
    ], 
    "image5":[
      [
        -166.4640026013404
      ], 
      [
        -194.64254287001899
      ], 
      [
        524.0088798146996
      ]
    ], 
    "image6":[
      [
        74.74096480149201
      ], 
      [
        -210.09099328322168
      ], 
      [
        464.73810106140365
      ]
    ], 
    "image7":[
      [
        70.3801878519642
      ], 
      [
        -145.35455031100977
      ], 
      [
        405.2935208596728
      ]
    ], 
    "image8":[
      [
        -45.711037793849876
      ], 
      [
        -92.03606855483636
      ], 
      [
        431.9162240853875
      ]
    ], 
    "image9":[
      [
        177.01900154195786
      ], 
      [
        -84.62538313071532
      ], 
      [
        459.9624105901642
      ]
    ], 
    "image10":[
      [
        216.31510798411827
      ], 
      [
        -77.00226045817192
      ], 
      [
        447.0951513293038
      ]
    ], 
    "image11":[
      [
        34.20252046403959
      ], 
      [
        -88.39475218171816
      ], 
      [
        431.793420914743
      ]
    ], 
    "image12":[
      [
        -2.175634196009497
      ], 
      [
        -88.13249159686973
      ], 
      [
        513.1834428773489
      ]
    ], 
    "image13":[
      [
        -188.75451255205368
      ], 
      [
        -98.70524205048456
      ], 
      [
        573.2369768655819
      ]
    ], 
    "image14":[
      [
        157.01942854303246
      ], 
      [
        -65.2472269531023
      ], 
      [
        531.4369879052517
      ]
    ], 
    "image15":[
      [
        60.12292806406181
      ], 
      [
        -75.59568136584498
      ], 
      [
        493.3737498894237
      ]
    ], 
    "image16":[
      [
        49.458885900432996
      ], 
      [
        -113.01441345177167
      ], 
      [
        524.5383756609378
      ]
    ], 
    "image17":[
      [
        63.69338447546808
      ], 
      [
        -134.94993739586403
      ], 
      [
        434.17717815381945
      ]
    ], 
    "image18":[
      [
        81.9500311795916
      ], 
      [
        -94.1415967297444
      ], 
      [
        425.5729468308568
      ]
    ], 
    "image19":[
      [
        80.72200755863837
      ], 
      [
        -74.13031337074455
      ], 
      [
        416.72087677251227
      ]
    ], 
    "image20":[
      [
        -174.5710948770835
      ], 
      [
        -21.350800764909653
      ], 
      [
        824.6784519700838
      ]
    ]
  }, 
  "image_files_names":[
    [
      0, 
      "p01.png"
    ], 
    [
      1, 
      "p02.png"
    ], 
    [
      2, 
      "p03.png"
    ], 
    [
      3, 
      "p04.png"
    ], 
    [
      4, 
      "p05.png"
    ], 
    [
      5, 
      "p06.png"
    ], 
    [
      6, 
      "p07.png"
    ], 
    [
      7, 
      "p08.png"
    ], 
    [
      8, 
      "p09.png"
    ], 
    [
      9, 
      "p10.png"
    ], 
    [
      10, 
      "p11.png"
    ], 
    [
      11, 
      "p12.png"
    ], 
    [
      12, 
      "p13.png"
    ], 
    [
      13, 
      "p14.png"
    ], 
    [
      14, 
      "p15.png"
    ], 
    [
      15, 
      "p16.png"
    ], 
    [
      16, 
      "p17.png"
    ], 
    [
      17, 
      "p18.png"
    ], 
    [
      18, 
      "p19.png"
    ], 
    [
      19, 
      "p20.png"
    ], 
    [
      20, 
      "p21.png"
    ]
  ]
}